address,room,floor,page,coordinates
Spare:,Spare,SUBCELLAR,2,"[437.238, 1354.9, 507.959, 1385.99]"
1,S,SUBCELLAR,2,"[2462.85, 2174.13, 2476.56, 2196.14]"
2,PLUMBING ROOM,SUBCELLAR,2,"[975.604, 1384.75, 989.317, 1406.76]"
3,LOW VOLTAGE ROOM,SUBCELLAR,2,"[1206.33, 1443, 1220.05, 1465.01]"
4,ATS ROOM,SUBCELLAR,2,"[1347.39, 1472.46, 1361.1, 1494.47]"
5,FIRE PUMP,SUBCELLAR,2,"[1093.1, 1084.09, 1106.81, 1106.1]"
6,LAUNDRY ROOM,SUBCELLAR,2,"[1335.72, 1147.8, 1349.43, 1169.81]"
7,COMPACTOR ROOM,SUBCELLAR,2,"[1415.57, 966.274, 1429.28, 988.284]"
8,METER ROOM,SUBCELLAR,2,"[1753.75, 949.692, 1767.47, 971.702]"
9,S/H EL,SUBCELLAR,2,"[1914.77, 851.073, 1928.49, 873.083]"
1,FIRE ALARM UNFUSED DISCONNECT SWITCH,SUBCELLAR,2,"[1504.31, 1390.97, 1518.02, 1412.98]"
2,RCV,SUBCELLAR,2,"[1652.36, 1134.15, 1666.07, 1156.16]"
3,PLUMBING ROOM,SUBCELLAR,2,"[765.056, 1576.31, 778.769, 1598.32]"
4,Spare,SUBCELLAR,2,"[549.379, 1327.91, 563.092, 1349.92]"
5,FIRE PUMP,SUBCELLAR,2,"[1152.01, 1160.89, 1165.72, 1182.9]"
6,LAUNDRY ROOM,SUBCELLAR,2,"[1242.58, 1082.88, 1256.3, 1104.89]"
7,Spare,SUBCELLAR,2,"[608.703, 1329.44, 622.416, 1351.45]"
8,FIRE PUMP,SUBCELLAR,2,"[979.527, 1103.63, 993.24, 1125.64]"
9,Spare,SUBCELLAR,2,"[552.173, 1282.45, 565.886, 1304.46]"
10,FIRE PUMP ROOM,SUBCELLAR,2,"[981.163, 1067.3, 1004.58, 1089.31]"
11,Spare,SUBCELLAR,2,"[607.519, 1277.72, 630.935, 1299.73]"
12,FIRE PUMP ROOM,SUBCELLAR,2,"[982.963, 1033.26, 1006.38, 1055.27]"
13,Spare,SUBCELLAR,2,"[554.729, 1226.87, 578.145, 1248.88]"
14,PUMP CONTROLLER,SUBCELLAR,2,"[986.563, 996.936, 1009.98, 1018.95]"
15,Spare,SUBCELLAR,2,"[607.841, 1227.47, 631.257, 1249.48]"
16,PUMP CONTROLLER,SUBCELLAR,2,"[995.563, 966.5, 1018.98, 988.51]"
17,Spare,SUBCELLAR,2,"[563.986, 1167.65, 587.402, 1189.66]"
18,WET S,SUBCELLAR,2,"[1302.88, 921.983, 1326.29, 943.993]"
19,Spare,SUBCELLAR,2,"[609.708, 1164.49, 633.124, 1186.5]"
Spare,Spare,cellar,3,"[2161.98, 983.706, 2226.04, 1024.02]"
10,WATER POOL,cellar,3,"[866.622, 1592.89, 890.038, 1614.9]"
11,SHEL,cellar,3,"[1914.34, 842.346, 1937.75, 864.356]"
20,WATER POE,cellar,3,"[814.917, 1560.49, 838.333, 1582.5]"
21,21,cellar,3,"[1710.33, 1112.46, 1733.75, 1134.47]"
22,Spare,cellar,3,"[2234.3, 990.056, 2257.72, 1012.07]"
Spare,Spare,1ST FLOOR,4,"[2258.2, 1070.17, 2322.26, 1105.18]"
12,S/H EL,1ST FLOOR,4,"[1913.09, 863.391, 1936.51, 885.401]"
13,S/H EL,1ST FLOOR,4,"[1721.63, 713.172, 1745.05, 735.182]"
14,S,1ST FLOOR,4,"[1350.5, 528.588, 1373.92, 550.598]"
23,COLD STORAGE,1ST FLOOR,4,"[1697.62, 1163.65, 1721.04, 1185.66]"
24,COLD STORAGE,1ST FLOOR,4,"[1720.4, 1119.8, 1743.82, 1141.81]"
25,Spare,1ST FLOOR,4,"[2266.49, 1041.97, 2289.91, 1063.98]"
26,Spare,1ST FLOOR,4,"[2329.33, 1040.92, 2352.75, 1062.93]"
"4FL5FL6FL7FL8FL",4FL,5FL,5,"[1741.1, 192.426, 1822.26, 519.7]"
Spare,Spare,5FL,5,"[2217.61, 1056.43, 2288.3, 1086.21]"
15,S/H EL,5FL,5,"[1735.43, 717.545, 1758.84, 739.555]"
27,"4TH, 6TH AND 8TH FLOOR STAIRWAY",5FL,5,"[1714.47, 1118.58, 1737.88, 1140.59]"
28,Spare,5FL,5,"[2242.75, 1001.18, 2266.17, 1023.19]"
29,Unknown,5FL,5,"[1968.23, 501.108, 1991.64, 523.118]"
30,Spare,5FL,5,"[2249.03, 914.13, 2272.45, 936.14]"
31,2FL,5FL,5,"[1966.92, 436.962, 1990.33, 458.972]"
32,unknown,5FL,5,"[2245.43, 812.02, 2268.84, 834.03]"
33,3FL,5FL,5,"[1966.92, 362.344, 1990.33, 384.354]"
34,Unknown,5FL,5,"[2237.9, 687.66, 2261.32, 709.67]"
35,7FL,5FL,5,"[1961.03, 292.962, 1984.44, 314.972]"
36,Unknown,5FL,5,"[2230.7, 573.11, 2254.12, 595.12]"
37,3FL,5FL,5,"[1962.34, 209.179, 1985.75, 231.189]"
38,Unknown,5FL,5,"[2229.07, 453, 2252.48, 475.01]"
16,$,5FL,5,"[1708.81, 659.072, 1732.22, 681.082]"
17,4FL,5FL,5,"[1825.75, 507.217, 1849.17, 529.227]"
18,4FL,5FL,5,"[1889.03, 501.108, 1912.44, 523.118]"
19,5FL,5FL,5,"[1822.7, 433.907, 1846.11, 455.917]"
20,5FL,5FL,5,"[1885.54, 431.289, 1908.95, 453.299]"
21,6FL,5FL,5,"[1816.59, 368.453, 1840.01, 390.463]"
22,6FL,5FL,5,"[1879.43, 369.325, 1902.84, 391.335]"
23,7FL,5FL,5,"[1811.35, 294.271, 1834.77, 316.281]"
24,7FL,5FL,5,"[1887.72, 292.525, 1911.13, 314.535]"
25,8FL,5FL,5,"[1817.46, 213.107, 1840.88, 235.117]"
26,8FL,5FL,5,"[1888.59, 209.616, 1912.01, 231.625]"
"10FL11FL",10FL,1FL,6,"[1763.6, 502.698, 1831.15, 597.146]"
Spare,Spare,1FL,6,"[2240.53, 1025, 2324.97, 1067.87]"
27,S/H,1FL,6,"[1728.78, 720.004, 1752.2, 742.014]"
28,S,1FL,6,"[1700.24, 683.873, 1723.66, 705.883]"
29,10FL,1FL,6,"[1845.84, 590.018, 1869.25, 612.028]"
30,10FL,1FL,6,"[1895.22, 590.709, 1918.63, 612.719]"
31,11FL,1FL,6,"[1846.2, 527.582, 1869.61, 549.592]"
32,11FL,1FL,6,"[1893.73, 527.618, 1917.14, 549.628]"
39,10TH FLOOR STAIRWAY,1FL,6,"[1720.59, 1112.02, 1744.01, 1134.03]"
40,Spare,1FL,6,"[2295.29, 1015.04, 2318.7, 1037.05]"
41,11FL,1FL,6,"[1944.34, 597.981, 1967.75, 619.991]"
42,42,1FL,6,"[1991.9, 597.546, 2015.32, 619.556]"
43,unknown,1FL,6,"[2030.52, 599.399, 2053.93, 621.409]"
44,Spare,1FL,6,"[2297.47, 948.166, 2320.88, 970.176]"
45,11FL,1FL,6,"[1950.89, 527.606, 1974.31, 549.616]"
46,Spare,1FL,6,"[2298.46, 880.083, 2321.87, 902.093]"
"13FL14FL15FL16FL17FL18FL19FL20FL21FL22FL23FL24FL25FL26FL27FL",13FL,1FL,7,"[2142.71, 41.7194, 2197.42, 1106.04]"
Spare,Spare,1FL,7,"[2405.51, 2020.57, 2469.57, 2063.44]"
33,S/H EL,1FL,7,"[1727.35, 721.036, 1750.77, 743.046]"
47,MARKET,1FL,7,"[1714.25, 1117.7, 1737.67, 1139.71]"
48,Spare,1FL,7,"[2392.26, 2003.09, 2415.67, 2025.1]"
49,FL,1FL,7,"[2392.37, 1082.35, 2415.79, 1104.36]"
50,Spare,1FL,7,"[2393.03, 1908.4, 2416.44, 1930.41]"
51,2FL,1FL,7,"[2382.56, 1003.8, 2405.97, 1025.81]"
52,Spare,1FL,7,"[2383.86, 1825.93, 2407.28, 1847.94]"
53,FL,1FL,7,"[2387.79, 920.019, 2411.21, 942.029]"
54,Unknown,1FL,7,"[2376.66, 1736.91, 2400.08, 1758.92]"
55,6FL,1FL,7,"[2375.36, 831, 2398.77, 853.01]"
56,unknown,1FL,7,"[2380.59, 1640.69, 2404.01, 1662.7]"
57,3FL,1FL,7,"[2381.25, 766.855, 2404.66, 788.865]"
58,Spare,1FL,7,"[2522.63, 1993.5, 2546.05, 2015.51]"
59,3FL,1FL,7,"[2379.94, 692.236, 2403.35, 714.246]"
60,Spare,1FL,7,"[2520.01, 1911.68, 2543.43, 1933.69]"
61,9FL,1FL,7,"[2374.05, 626.781, 2397.46, 648.791]"
62,Spare,1FL,7,"[2518.73, 1816.12, 2542.14, 1838.13]"
63,3FL,1FL,7,"[2382.56, 553.472, 2405.97, 575.482]"
64,unknown,1FL,7,"[2484.01, 549.544, 2507.43, 571.554]"
65,Unknown,1FL,7,"[2571.07, 542.999, 2594.48, 565.009]"
66,unknown,1FL,7,"[2508.23, 1736.92, 2531.64, 1758.93]"
67,2FL,1FL,7,"[2381.9, 484.09, 2405.32, 506.1]"
68,unknown,1FL,7,"[2501.68, 1640.7, 2525.1, 1662.71]"
69,FL,1FL,7,"[2382.99, 430.417, 2406.41, 452.427]"
70,unknown,1FL,7,"[2659.46, 2004.66, 2682.88, 2026.67]"
71,FL,1FL,7,"[2392.37, 353.18, 2415.79, 375.19]"
72,unknown,1FL,7,"[2657.53, 1925.14, 2680.95, 1947.15]"
73,FL,1FL,7,"[2390.41, 288.161, 2413.83, 310.171]"
74,Unknown,1FL,7,"[2644.86, 1818.94, 2668.27, 1840.95]"
75,FL,1FL,7,"[2390.41, 227.07, 2413.83, 249.08]"
76,unknown,1FL,7,"[2633.44, 1723.15, 2656.85, 1745.16]"
77,FL,1FL,7,"[2391.72, 147.652, 2415.14, 169.662]"
78,unknown,1FL,7,"[2619.58, 1617.43, 2643, 1639.44]"
79,FL,1FL,7,"[2383.87, 72.1604, 2407.28, 94.1704]"
80,unknown,1FL,7,"[2796.2, 1766.11, 2819.62, 1788.12]"
34,CM,1FL,7,"[1714.76, 674.881, 1738.18, 696.891]"
35,13FL,1FL,7,"[2241.51, 1089.21, 2264.93, 1111.22]"
36,13FL,1FL,7,"[2312.69, 1080.38, 2336.11, 1102.39]"
37,14FL,1FL,7,"[2233.17, 997.902, 2256.58, 1019.91]"
38,14FL,1FL,7,"[2297.48, 989.065, 2320.89, 1011.08]"
39,15FL,1FL,7,"[2231.69, 917.392, 2255.11, 939.402]"
40,15FL,1FL,7,"[2311.22, 917.392, 2334.64, 939.402]"
41,15FL,1FL,7,"[2229.24, 834.919, 2252.66, 856.929]"
42,16FL,1FL,7,"[2297.48, 831.973, 2320.89, 853.983]"
43,17FL,1FL,7,"[2233.17, 768.154, 2256.58, 790.164]"
44,17FL,1FL,7,"[2300.42, 764.227, 2323.84, 786.237]"
45,18FL,1FL,7,"[2228.75, 693.535, 2252.16, 715.545]"
46,18FL,1FL,7,"[2294.04, 689.608, 2317.46, 711.618]"
47,19FL,1FL,7,"[2223.35, 619.898, 2246.76, 641.908]"
48,19FL,1FL,7,"[2297.48, 614.989, 2320.89, 636.999]"
49,20FL,1FL,7,"[2228.26, 562.952, 2251.67, 584.962]"
50,20FL,1FL,7,"[2298.46, 558.043, 2321.87, 580.053]"
51,21FL,1FL,7,"[2223.84, 493.243, 2247.26, 515.253]"
52,21FL,1FL,7,"[2295.02, 488.333, 2318.44, 510.344]"
53,22FL,1FL,7,"[2224.82, 429.424, 2248.24, 451.434]"
54,22FL,1FL,7,"[2292.08, 423.533, 2315.49, 445.543]"
55,23FL,1FL,7,"[2221.88, 367.569, 2245.29, 389.579]"
56,23FL,1FL,7,"[2293.06, 365.605, 2316.47, 387.615]"
57,24FL,1FL,7,"[2227.77, 291.968, 2251.18, 313.978]"
58,24FL,1FL,7,"[2296, 286.077, 2319.42, 308.087]"
59,25FL,1FL,7,"[2221.88, 222.258, 2245.29, 244.268]"
60,25FL,1FL,7,"[2303.37, 225.204, 2326.78, 247.214]"
61,26FL,1FL,7,"[2219.91, 150.585, 2243.33, 172.595]"
62,26FL,1FL,7,"[2300.42, 152.549, 2323.84, 174.559]"
63,27FL,1FL,7,"[2222.86, 87.7478, 2246.27, 109.758]"
64,27FL,1FL,7,"[2302.88, 87.7478, 2326.29, 109.758]"
"29FL30FL",29FL,29FL,8,"[1995.1, 398.565, 2061.87, 524.24]"
65,S/H,29FL,8,"[1731.93, 722.345, 1755.35, 744.355]"
66,S/H,29FL,8,"[1710.99, 684.381, 1734.41, 706.391]"
81,FOYER,29FL,8,"[1711.43, 1105.91, 1734.84, 1127.92]"
82,Spare,29FL,8,"[2292.23, 1040.46, 2315.64, 1062.47]"
83,29FL,29FL,8,"[2199.29, 520.734, 2222.71, 542.744]"
84,Spare,29FL,8,"[2320.88, 971.936, 2344.29, 993.946]"
85,30FL,29FL,8,"[2202.73, 452.006, 2226.15, 474.016]"
86,Spare,29FL,8,"[2341.49, 889.135, 2364.91, 911.145]"
67,29FL,29FL,8,"[2088.88, 518.562, 2112.3, 540.573]"
68,29FL,29FL,8,"[2138.19, 518.562, 2161.61, 540.573]"
69,30FL,29FL,8,"[2088.45, 449.617, 2111.86, 471.627]"
70,30FL,29FL,8,"[2142.12, 444.38, 2165.53, 466.39]"
Spare,Spare,29FL,8,"[2250.34, 1103.56, 2314.39, 1130.72]"
71,S,1FL,9,"[1706.08, 1250.24, 1729.5, 1272.25]"
72,OS,1FL,9,"[1534.59, 1498.97, 1558, 1520.98]"
73,VESTIBULE,1FL,9,"[1822.7, 844.964, 1846.11, 866.974]"
87,MD,1FL,9,"[1548.66, 1389.55, 1572.08, 1411.56]"
88,G,1FL,9,"[1814.41, 1295.29, 1837.82, 1317.3]"
74,EL. METER RM.,1FL,10,"[2483.53, 1159.9, 2506.95, 1181.91]"
75,HWHR,1FL,10,"[2743.72, 960.592, 2767.13, 982.602]"
76,S/H EL,1FL,10,"[2524.28, 732.808, 2547.69, 754.818]"
77,RTU A-R-1,1FL,10,"[1221.12, 1180.8, 1244.53, 1202.81]"
78,RTU A-R-1,1FL,10,"[1250.44, 1193.37, 1273.86, 1215.38]"
89,AR,1FL,10,"[2593.32, 677.181, 2616.74, 699.191]"
90,AR,1FL,10,"[2559.28, 660.818, 2582.7, 682.828]"
"125 - AES Radio Trouble",125 - AES Radio Trouble,1FL,10,"[2474.85, 337.736, 2830.92, 510.86]"
91,PFPP A-R-2,1FL,10,"[1057.76, 1391.51, 1081.18, 1413.52]"
92,PF A-R-2,1FL,10,"[1109.78, 1369.43, 1133.2, 1391.44]"
93,PFFP A-R-1,1FL,10,"[1168.77, 1468.92, 1192.19, 1490.93]"
94,PFFP A-R-1,1FL,10,"[1240.4, 1454.23, 1263.82, 1476.24]"
